{"cameraMode":{"drawMode":0,"name":"Shaded","section":"Shading Mode"},"sceneLighting":true,"audioPlay":false,"sceneViewState":{"m_AlwaysRefresh":false,"showFog":true,"showSkybox":true,"showFlares":true,"showImageEffects":true,"showParticleSystems":true,"showVisualEffectGraphs":true,"m_FxEnabled":true},"in2DMode":false,"pivot":{"x":-0.3548400104045868,"y":-0.11984004080295563,"z":0.3708385229110718},"rotation":{"x":0.023021286353468896,"y":-0.976750910282135,"z":0.1611369252204895,"w":0.13954582810401917},"size":1.9778480529785157,"orthographic":false}